train,ApplyEyeMakeup,v_ApplyEyeMakeup_g08_c01,121
train,ApplyEyeMakeup,v_ApplyEyeMakeup_g08_c02,118
train,ApplyEyeMakeup,v_ApplyEyeMakeup_g08_c03,147
train,ApplyEyeMakeup,v_ApplyEyeMakeup_g08_c04,225
train,ApplyEyeMakeup,v_ApplyEyeMakeup_g08_c05,277
train,ApplyEyeMakeup,v_ApplyEyeMakeup_g09_c01,177
train,ApplyEyeMakeup,v_ApplyEyeMakeup_g09_c02,259
train,ApplyEyeMakeup,v_ApplyEyeMakeup_g09_c03,211
train,ApplyEyeMakeup,v_ApplyEyeMakeup_g09_c04,192
train,ApplyEyeMakeup,v_ApplyEyeMakeup_g09_c05,195
train,ApplyEyeMakeup,v_ApplyEyeMakeup_g09_c06,189
train,ApplyEyeMakeup,v_ApplyEyeMakeup_g09_c07,262
train,ApplyEyeMakeup,v_ApplyEyeMakeup_g10_c01,154
train,ApplyEyeMakeup,v_ApplyEyeMakeup_g10_c02,99
train,ApplyEyeMakeup,v_ApplyEyeMakeup_g10_c03,107
train,ApplyEyeMakeup,v_ApplyEyeMakeup_g10_c04,125
train,ApplyEyeMakeup,v_ApplyEyeMakeup_g10_c05,121
train,ApplyEyeMakeup,v_ApplyEyeMakeup_g11_c01,141
train,ApplyEyeMakeup,v_ApplyEyeMakeup_g11_c02,179
train,ApplyEyeMakeup,v_ApplyEyeMakeup_g11_c03,126
train,ApplyEyeMakeup,v_ApplyEyeMakeup_g11_c04,139
train,ApplyEyeMakeup,v_ApplyEyeMakeup_g11_c05,181
train,ApplyEyeMakeup,v_ApplyEyeMakeup_g12_c01,227
train,ApplyEyeMakeup,v_ApplyEyeMakeup_g12_c02,121
train,ApplyEyeMakeup,v_ApplyEyeMakeup_g12_c03,142
train,ApplyEyeMakeup,v_ApplyEyeMakeup_g12_c04,209
train,ApplyEyeMakeup,v_ApplyEyeMakeup_g12_c05,128
train,ApplyEyeMakeup,v_ApplyEyeMakeup_g12_c06,213
train,ApplyEyeMakeup,v_ApplyEyeMakeup_g13_c01,176
train,ApplyEyeMakeup,v_ApplyEyeMakeup_g13_c02,100
train,ApplyEyeMakeup,v_ApplyEyeMakeup_g13_c03,169
train,ApplyEyeMakeup,v_ApplyEyeMakeup_g13_c04,121
train,ApplyEyeMakeup,v_ApplyEyeMakeup_g13_c05,120
train,ApplyEyeMakeup,v_ApplyEyeMakeup_g13_c06,138
train,ApplyEyeMakeup,v_ApplyEyeMakeup_g14_c01,186
train,ApplyEyeMakeup,v_ApplyEyeMakeup_g14_c02,187
train,ApplyEyeMakeup,v_ApplyEyeMakeup_g14_c03,238
train,ApplyEyeMakeup,v_ApplyEyeMakeup_g14_c04,133
train,ApplyEyeMakeup,v_ApplyEyeMakeup_g14_c05,161
train,ApplyEyeMakeup,v_ApplyEyeMakeup_g15_c01,170
train,ApplyEyeMakeup,v_ApplyEyeMakeup_g15_c02,194
train,ApplyEyeMakeup,v_ApplyEyeMakeup_g15_c03,233
train,ApplyEyeMakeup,v_ApplyEyeMakeup_g15_c04,188
train,ApplyEyeMakeup,v_ApplyEyeMakeup_g15_c05,260
train,ApplyEyeMakeup,v_ApplyEyeMakeup_g15_c06,198
train,ApplyEyeMakeup,v_ApplyEyeMakeup_g15_c07,183
train,ApplyEyeMakeup,v_ApplyEyeMakeup_g16_c01,126
train,ApplyEyeMakeup,v_ApplyEyeMakeup_g16_c02,234
train,ApplyEyeMakeup,v_ApplyEyeMakeup_g16_c03,115
train,ApplyEyeMakeup,v_ApplyEyeMakeup_g16_c04,99
train,ApplyEyeMakeup,v_ApplyEyeMakeup_g16_c05,202
train,ApplyEyeMakeup,v_ApplyEyeMakeup_g17_c01,117
train,ApplyEyeMakeup,v_ApplyEyeMakeup_g17_c02,174
train,ApplyEyeMakeup,v_ApplyEyeMakeup_g17_c03,95
train,ApplyEyeMakeup,v_ApplyEyeMakeup_g17_c04,106
train,ApplyEyeMakeup,v_ApplyEyeMakeup_g17_c05,183
train,ApplyEyeMakeup,v_ApplyEyeMakeup_g18_c01,160
train,ApplyEyeMakeup,v_ApplyEyeMakeup_g18_c02,171
train,ApplyEyeMakeup,v_ApplyEyeMakeup_g18_c03,158
train,ApplyEyeMakeup,v_ApplyEyeMakeup_g18_c04,225
train,ApplyEyeMakeup,v_ApplyEyeMakeup_g18_c05,188
train,ApplyEyeMakeup,v_ApplyEyeMakeup_g19_c01,181
train,ApplyEyeMakeup,v_ApplyEyeMakeup_g19_c02,244
train,ApplyEyeMakeup,v_ApplyEyeMakeup_g19_c03,127
train,ApplyEyeMakeup,v_ApplyEyeMakeup_g19_c04,132
train,ApplyEyeMakeup,v_ApplyEyeMakeup_g20_c01,183
train,ApplyEyeMakeup,v_ApplyEyeMakeup_g20_c02,159
train,ApplyEyeMakeup,v_ApplyEyeMakeup_g20_c03,131
train,ApplyEyeMakeup,v_ApplyEyeMakeup_g20_c04,221
train,ApplyEyeMakeup,v_ApplyEyeMakeup_g20_c05,114
train,ApplyEyeMakeup,v_ApplyEyeMakeup_g20_c06,182
train,ApplyEyeMakeup,v_ApplyEyeMakeup_g21_c01,182
train,ApplyEyeMakeup,v_ApplyEyeMakeup_g21_c02,96
train,ApplyEyeMakeup,v_ApplyEyeMakeup_g21_c03,128
train,ApplyEyeMakeup,v_ApplyEyeMakeup_g21_c04,228
train,ApplyEyeMakeup,v_ApplyEyeMakeup_g21_c05,91
train,ApplyEyeMakeup,v_ApplyEyeMakeup_g22_c01,171
train,ApplyEyeMakeup,v_ApplyEyeMakeup_g22_c02,258
train,ApplyEyeMakeup,v_ApplyEyeMakeup_g22_c03,148
train,ApplyEyeMakeup,v_ApplyEyeMakeup_g22_c04,209
train,ApplyEyeMakeup,v_ApplyEyeMakeup_g22_c05,244
train,ApplyEyeMakeup,v_ApplyEyeMakeup_g23_c01,136
train,ApplyEyeMakeup,v_ApplyEyeMakeup_g23_c02,132
train,ApplyEyeMakeup,v_ApplyEyeMakeup_g23_c03,126
train,ApplyEyeMakeup,v_ApplyEyeMakeup_g23_c04,201
train,ApplyEyeMakeup,v_ApplyEyeMakeup_g23_c05,205
train,ApplyEyeMakeup,v_ApplyEyeMakeup_g23_c06,141
train,ApplyEyeMakeup,v_ApplyEyeMakeup_g24_c01,259
train,ApplyEyeMakeup,v_ApplyEyeMakeup_g24_c02,106
train,ApplyEyeMakeup,v_ApplyEyeMakeup_g24_c03,103
train,ApplyEyeMakeup,v_ApplyEyeMakeup_g24_c04,209
train,ApplyEyeMakeup,v_ApplyEyeMakeup_g24_c05,200
train,ApplyEyeMakeup,v_ApplyEyeMakeup_g24_c06,223
train,ApplyEyeMakeup,v_ApplyEyeMakeup_g24_c07,195
train,ApplyEyeMakeup,v_ApplyEyeMakeup_g25_c01,242
train,ApplyEyeMakeup,v_ApplyEyeMakeup_g25_c02,130
train,ApplyEyeMakeup,v_ApplyEyeMakeup_g25_c03,126
train,ApplyEyeMakeup,v_ApplyEyeMakeup_g25_c04,178
train,ApplyEyeMakeup,v_ApplyEyeMakeup_g25_c05,94
train,ApplyEyeMakeup,v_ApplyEyeMakeup_g25_c06,110
train,ApplyEyeMakeup,v_ApplyEyeMakeup_g25_c07,146
train,ApplyLipstick,v_ApplyLipstick_g08_c01,182
train,ApplyLipstick,v_ApplyLipstick_g08_c02,220
train,ApplyLipstick,v_ApplyLipstick_g08_c03,271
train,ApplyLipstick,v_ApplyLipstick_g08_c04,311
train,ApplyLipstick,v_ApplyLipstick_g09_c01,100
train,ApplyLipstick,v_ApplyLipstick_g09_c02,245
train,ApplyLipstick,v_ApplyLipstick_g09_c03,248
train,ApplyLipstick,v_ApplyLipstick_g09_c04,211
train,ApplyLipstick,v_ApplyLipstick_g10_c01,106
train,ApplyLipstick,v_ApplyLipstick_g10_c02,140
train,ApplyLipstick,v_ApplyLipstick_g10_c03,118
train,ApplyLipstick,v_ApplyLipstick_g10_c04,248
train,ApplyLipstick,v_ApplyLipstick_g11_c01,144
train,ApplyLipstick,v_ApplyLipstick_g11_c02,200
train,ApplyLipstick,v_ApplyLipstick_g11_c03,109
train,ApplyLipstick,v_ApplyLipstick_g11_c04,158
train,ApplyLipstick,v_ApplyLipstick_g12_c01,199
train,ApplyLipstick,v_ApplyLipstick_g12_c02,107
train,ApplyLipstick,v_ApplyLipstick_g12_c03,142
train,ApplyLipstick,v_ApplyLipstick_g12_c04,278
train,ApplyLipstick,v_ApplyLipstick_g12_c05,179
train,ApplyLipstick,v_ApplyLipstick_g13_c01,214
train,ApplyLipstick,v_ApplyLipstick_g13_c02,156
train,ApplyLipstick,v_ApplyLipstick_g13_c03,165
train,ApplyLipstick,v_ApplyLipstick_g13_c04,211
train,ApplyLipstick,v_ApplyLipstick_g14_c01,177
train,ApplyLipstick,v_ApplyLipstick_g14_c02,191
train,ApplyLipstick,v_ApplyLipstick_g14_c03,175
train,ApplyLipstick,v_ApplyLipstick_g14_c04,106
train,ApplyLipstick,v_ApplyLipstick_g15_c01,161
train,ApplyLipstick,v_ApplyLipstick_g15_c02,137
train,ApplyLipstick,v_ApplyLipstick_g15_c03,134
train,ApplyLipstick,v_ApplyLipstick_g15_c04,152
train,ApplyLipstick,v_ApplyLipstick_g15_c05,142
train,ApplyLipstick,v_ApplyLipstick_g16_c01,129
train,ApplyLipstick,v_ApplyLipstick_g16_c02,166
train,ApplyLipstick,v_ApplyLipstick_g16_c03,146
train,ApplyLipstick,v_ApplyLipstick_g16_c04,174
train,ApplyLipstick,v_ApplyLipstick_g16_c05,157
train,ApplyLipstick,v_ApplyLipstick_g17_c01,162
train,ApplyLipstick,v_ApplyLipstick_g17_c02,152
train,ApplyLipstick,v_ApplyLipstick_g17_c03,143
train,ApplyLipstick,v_ApplyLipstick_g17_c04,126
train,ApplyLipstick,v_ApplyLipstick_g17_c05,142
train,ApplyLipstick,v_ApplyLipstick_g18_c01,104
train,ApplyLipstick,v_ApplyLipstick_g18_c02,140
train,ApplyLipstick,v_ApplyLipstick_g18_c03,141
train,ApplyLipstick,v_ApplyLipstick_g18_c04,120
train,ApplyLipstick,v_ApplyLipstick_g19_c01,176
train,ApplyLipstick,v_ApplyLipstick_g19_c02,112
train,ApplyLipstick,v_ApplyLipstick_g19_c03,155
train,ApplyLipstick,v_ApplyLipstick_g19_c04,156
train,ApplyLipstick,v_ApplyLipstick_g20_c01,97
train,ApplyLipstick,v_ApplyLipstick_g20_c02,108
train,ApplyLipstick,v_ApplyLipstick_g20_c03,194
train,ApplyLipstick,v_ApplyLipstick_g20_c04,140
train,ApplyLipstick,v_ApplyLipstick_g20_c05,90
train,ApplyLipstick,v_ApplyLipstick_g21_c01,85
train,ApplyLipstick,v_ApplyLipstick_g21_c02,157
train,ApplyLipstick,v_ApplyLipstick_g21_c03,143
train,ApplyLipstick,v_ApplyLipstick_g21_c04,193
train,ApplyLipstick,v_ApplyLipstick_g21_c05,132
train,ApplyLipstick,v_ApplyLipstick_g22_c01,178
train,ApplyLipstick,v_ApplyLipstick_g22_c02,176
train,ApplyLipstick,v_ApplyLipstick_g22_c03,169
train,ApplyLipstick,v_ApplyLipstick_g22_c04,177
train,ApplyLipstick,v_ApplyLipstick_g22_c05,263
train,ApplyLipstick,v_ApplyLipstick_g22_c06,172
train,ApplyLipstick,v_ApplyLipstick_g22_c07,89
train,ApplyLipstick,v_ApplyLipstick_g23_c01,212
train,ApplyLipstick,v_ApplyLipstick_g23_c02,152
train,ApplyLipstick,v_ApplyLipstick_g23_c03,135
train,ApplyLipstick,v_ApplyLipstick_g23_c04,218
train,ApplyLipstick,v_ApplyLipstick_g24_c01,114
train,ApplyLipstick,v_ApplyLipstick_g24_c02,219
train,ApplyLipstick,v_ApplyLipstick_g24_c03,117
train,ApplyLipstick,v_ApplyLipstick_g24_c04,117
train,ApplyLipstick,v_ApplyLipstick_g24_c05,288
train,ApplyLipstick,v_ApplyLipstick_g25_c01,161
train,ApplyLipstick,v_ApplyLipstick_g25_c02,151
train,ApplyLipstick,v_ApplyLipstick_g25_c03,186
train,ApplyLipstick,v_ApplyLipstick_g25_c04,201
train,Archery,v_Archery_g08_c01,363
train,Archery,v_Archery_g08_c02,116
train,Archery,v_Archery_g08_c03,326
train,Archery,v_Archery_g08_c04,343
train,Archery,v_Archery_g08_c05,367
train,Archery,v_Archery_g09_c01,100
train,Archery,v_Archery_g09_c02,84
train,Archery,v_Archery_g09_c03,83
train,Archery,v_Archery_g09_c04,96
train,Archery,v_Archery_g09_c05,97
train,Archery,v_Archery_g09_c06,86
train,Archery,v_Archery_g09_c07,108
train,Archery,v_Archery_g10_c01,111
train,Archery,v_Archery_g10_c02,140
train,Archery,v_Archery_g10_c03,203
train,Archery,v_Archery_g10_c04,208
train,Archery,v_Archery_g10_c05,188
train,Archery,v_Archery_g10_c06,176
train,Archery,v_Archery_g10_c07,126
train,Archery,v_Archery_g11_c01,194
train,Archery,v_Archery_g11_c02,303
train,Archery,v_Archery_g11_c03,296
train,Archery,v_Archery_g11_c04,259
train,Archery,v_Archery_g11_c05,211
train,Archery,v_Archery_g11_c06,244
train,Archery,v_Archery_g11_c07,265
train,Archery,v_Archery_g12_c01,355
train,Archery,v_Archery_g12_c02,398
train,Archery,v_Archery_g12_c03,436
train,Archery,v_Archery_g12_c04,195
train,Archery,v_Archery_g13_c01,150
train,Archery,v_Archery_g13_c02,148
train,Archery,v_Archery_g13_c03,161
train,Archery,v_Archery_g13_c04,167
train,Archery,v_Archery_g13_c05,186
train,Archery,v_Archery_g13_c06,165
train,Archery,v_Archery_g13_c07,191
train,Archery,v_Archery_g14_c01,208
train,Archery,v_Archery_g14_c02,221
train,Archery,v_Archery_g14_c03,170
train,Archery,v_Archery_g14_c04,245
train,Archery,v_Archery_g15_c01,111
train,Archery,v_Archery_g15_c02,185
train,Archery,v_Archery_g15_c03,186
train,Archery,v_Archery_g15_c04,204
train,Archery,v_Archery_g15_c05,176
train,Archery,v_Archery_g15_c06,175
train,Archery,v_Archery_g15_c07,176
train,Archery,v_Archery_g16_c01,152
train,Archery,v_Archery_g16_c02,226
train,Archery,v_Archery_g16_c03,207
train,Archery,v_Archery_g16_c04,119
train,Archery,v_Archery_g16_c05,263
train,Archery,v_Archery_g17_c01,147
train,Archery,v_Archery_g17_c02,95
train,Archery,v_Archery_g17_c03,97
train,Archery,v_Archery_g17_c04,67
train,Archery,v_Archery_g18_c01,168
train,Archery,v_Archery_g18_c02,292
train,Archery,v_Archery_g18_c03,200
train,Archery,v_Archery_g18_c04,169
train,Archery,v_Archery_g18_c05,153
train,Archery,v_Archery_g18_c06,161
train,Archery,v_Archery_g18_c07,141
train,Archery,v_Archery_g19_c01,131
train,Archery,v_Archery_g19_c02,91
train,Archery,v_Archery_g19_c03,160
train,Archery,v_Archery_g19_c04,93
train,Archery,v_Archery_g20_c01,92
train,Archery,v_Archery_g20_c02,86
train,Archery,v_Archery_g20_c03,95
train,Archery,v_Archery_g20_c04,100
train,Archery,v_Archery_g20_c05,121
train,Archery,v_Archery_g20_c06,117
train,Archery,v_Archery_g20_c07,99
train,Archery,v_Archery_g21_c01,102
train,Archery,v_Archery_g21_c02,176
train,Archery,v_Archery_g21_c03,219
train,Archery,v_Archery_g21_c04,206
train,Archery,v_Archery_g22_c01,66
train,Archery,v_Archery_g22_c02,71
train,Archery,v_Archery_g22_c03,92
train,Archery,v_Archery_g22_c04,74
train,Archery,v_Archery_g22_c05,69
train,Archery,v_Archery_g23_c01,124
train,Archery,v_Archery_g23_c02,116
train,Archery,v_Archery_g23_c03,112
train,Archery,v_Archery_g23_c04,106
train,Archery,v_Archery_g23_c05,92
train,Archery,v_Archery_g23_c06,87
train,Archery,v_Archery_g23_c07,85
train,Archery,v_Archery_g24_c01,92
train,Archery,v_Archery_g24_c02,242
train,Archery,v_Archery_g24_c03,111
train,Archery,v_Archery_g24_c04,122
train,Archery,v_Archery_g24_c05,128
train,Archery,v_Archery_g24_c06,123
train,Archery,v_Archery_g25_c01,209
train,Archery,v_Archery_g25_c02,190
train,Archery,v_Archery_g25_c03,204
train,Archery,v_Archery_g25_c04,260
train,Archery,v_Archery_g25_c05,205
train,Archery,v_Archery_g25_c06,236
train,Archery,v_Archery_g25_c07,134
train,BabyCrawling,v_BabyCrawling_g08_c01,206
train,BabyCrawling,v_BabyCrawling_g08_c02,112
train,BabyCrawling,v_BabyCrawling_g08_c03,114
train,BabyCrawling,v_BabyCrawling_g08_c04,96
train,BabyCrawling,v_BabyCrawling_g09_c01,145
train,BabyCrawling,v_BabyCrawling_g09_c02,223
train,BabyCrawling,v_BabyCrawling_g09_c03,137
train,BabyCrawling,v_BabyCrawling_g09_c04,207
train,BabyCrawling,v_BabyCrawling_g09_c05,105
train,BabyCrawling,v_BabyCrawling_g09_c06,120
train,BabyCrawling,v_BabyCrawling_g10_c01,143
train,BabyCrawling,v_BabyCrawling_g10_c02,117
train,BabyCrawling,v_BabyCrawling_g10_c03,101
train,BabyCrawling,v_BabyCrawling_g10_c04,185
train,BabyCrawling,v_BabyCrawling_g10_c05,121
train,BabyCrawling,v_BabyCrawling_g11_c01,107
train,BabyCrawling,v_BabyCrawling_g11_c02,104
train,BabyCrawling,v_BabyCrawling_g11_c03,100
train,BabyCrawling,v_BabyCrawling_g11_c04,110
train,BabyCrawling,v_BabyCrawling_g12_c01,104
train,BabyCrawling,v_BabyCrawling_g12_c02,140
train,BabyCrawling,v_BabyCrawling_g12_c03,97
train,BabyCrawling,v_BabyCrawling_g12_c04,105
train,BabyCrawling,v_BabyCrawling_g12_c05,186
train,BabyCrawling,v_BabyCrawling_g12_c06,125
train,BabyCrawling,v_BabyCrawling_g13_c01,142
train,BabyCrawling,v_BabyCrawling_g13_c02,127
train,BabyCrawling,v_BabyCrawling_g13_c03,111
train,BabyCrawling,v_BabyCrawling_g13_c04,149
train,BabyCrawling,v_BabyCrawling_g13_c05,86
train,BabyCrawling,v_BabyCrawling_g13_c06,168
train,BabyCrawling,v_BabyCrawling_g14_c01,123
train,BabyCrawling,v_BabyCrawling_g14_c02,109
train,BabyCrawling,v_BabyCrawling_g14_c03,177
train,BabyCrawling,v_BabyCrawling_g14_c04,223
train,BabyCrawling,v_BabyCrawling_g15_c01,199
train,BabyCrawling,v_BabyCrawling_g15_c02,222
train,BabyCrawling,v_BabyCrawling_g15_c03,102
train,BabyCrawling,v_BabyCrawling_g15_c04,180
train,BabyCrawling,v_BabyCrawling_g15_c05,218
train,BabyCrawling,v_BabyCrawling_g15_c06,165
train,BabyCrawling,v_BabyCrawling_g16_c01,159
train,BabyCrawling,v_BabyCrawling_g16_c02,196
train,BabyCrawling,v_BabyCrawling_g16_c03,172
train,BabyCrawling,v_BabyCrawling_g16_c04,208
train,BabyCrawling,v_BabyCrawling_g16_c05,224
train,BabyCrawling,v_BabyCrawling_g16_c06,192
train,BabyCrawling,v_BabyCrawling_g17_c01,142
train,BabyCrawling,v_BabyCrawling_g17_c02,118
train,BabyCrawling,v_BabyCrawling_g17_c03,109
train,BabyCrawling,v_BabyCrawling_g17_c04,175
train,BabyCrawling,v_BabyCrawling_g17_c05,110
train,BabyCrawling,v_BabyCrawling_g18_c01,199
train,BabyCrawling,v_BabyCrawling_g18_c02,228
train,BabyCrawling,v_BabyCrawling_g18_c03,165
train,BabyCrawling,v_BabyCrawling_g18_c04,205
train,BabyCrawling,v_BabyCrawling_g18_c05,173
train,BabyCrawling,v_BabyCrawling_g18_c06,181
train,BabyCrawling,v_BabyCrawling_g19_c01,95
train,BabyCrawling,v_BabyCrawling_g19_c02,171
train,BabyCrawling,v_BabyCrawling_g19_c03,161
train,BabyCrawling,v_BabyCrawling_g19_c04,145
train,BabyCrawling,v_BabyCrawling_g19_c05,236
train,BabyCrawling,v_BabyCrawling_g20_c01,262
train,BabyCrawling,v_BabyCrawling_g20_c02,242
train,BabyCrawling,v_BabyCrawling_g20_c03,264
train,BabyCrawling,v_BabyCrawling_g20_c04,129
train,BabyCrawling,v_BabyCrawling_g20_c05,179
train,BabyCrawling,v_BabyCrawling_g20_c06,214
train,BabyCrawling,v_BabyCrawling_g20_c07,251
train,BabyCrawling,v_BabyCrawling_g21_c01,152
train,BabyCrawling,v_BabyCrawling_g21_c02,119
train,BabyCrawling,v_BabyCrawling_g21_c03,146
train,BabyCrawling,v_BabyCrawling_g21_c04,190
train,BabyCrawling,v_BabyCrawling_g22_c01,243
train,BabyCrawling,v_BabyCrawling_g22_c02,198
train,BabyCrawling,v_BabyCrawling_g22_c03,160
train,BabyCrawling,v_BabyCrawling_g22_c04,194
train,BabyCrawling,v_BabyCrawling_g22_c05,183
train,BabyCrawling,v_BabyCrawling_g22_c06,93
train,BabyCrawling,v_BabyCrawling_g22_c07,117
train,BabyCrawling,v_BabyCrawling_g23_c01,117
train,BabyCrawling,v_BabyCrawling_g23_c02,112
train,BabyCrawling,v_BabyCrawling_g23_c03,112
train,BabyCrawling,v_BabyCrawling_g23_c04,180
train,BabyCrawling,v_BabyCrawling_g24_c01,195
train,BabyCrawling,v_BabyCrawling_g24_c02,180
train,BabyCrawling,v_BabyCrawling_g24_c03,125
train,BabyCrawling,v_BabyCrawling_g24_c04,118
train,BabyCrawling,v_BabyCrawling_g24_c05,113
train,BabyCrawling,v_BabyCrawling_g24_c06,181
train,BabyCrawling,v_BabyCrawling_g25_c01,294
train,BabyCrawling,v_BabyCrawling_g25_c02,153
train,BabyCrawling,v_BabyCrawling_g25_c03,143
train,BabyCrawling,v_BabyCrawling_g25_c04,159
train,BabyCrawling,v_BabyCrawling_g25_c05,175
train,BabyCrawling,v_BabyCrawling_g25_c06,249
test,ApplyEyeMakeup,v_ApplyEyeMakeup_g01_c01,165
test,ApplyEyeMakeup,v_ApplyEyeMakeup_g01_c02,124
test,ApplyEyeMakeup,v_ApplyEyeMakeup_g01_c03,260
test,ApplyEyeMakeup,v_ApplyEyeMakeup_g01_c04,236
test,ApplyEyeMakeup,v_ApplyEyeMakeup_g01_c05,297
test,ApplyEyeMakeup,v_ApplyEyeMakeup_g01_c06,123
test,ApplyEyeMakeup,v_ApplyEyeMakeup_g02_c01,171
test,ApplyEyeMakeup,v_ApplyEyeMakeup_g02_c02,147
test,ApplyEyeMakeup,v_ApplyEyeMakeup_g02_c03,217
test,ApplyEyeMakeup,v_ApplyEyeMakeup_g02_c04,171
test,ApplyEyeMakeup,v_ApplyEyeMakeup_g03_c01,210
test,ApplyEyeMakeup,v_ApplyEyeMakeup_g03_c02,135
test,ApplyEyeMakeup,v_ApplyEyeMakeup_g03_c03,116
test,ApplyEyeMakeup,v_ApplyEyeMakeup_g03_c04,109
test,ApplyEyeMakeup,v_ApplyEyeMakeup_g03_c05,147
test,ApplyEyeMakeup,v_ApplyEyeMakeup_g03_c06,153
test,ApplyEyeMakeup,v_ApplyEyeMakeup_g04_c01,127
test,ApplyEyeMakeup,v_ApplyEyeMakeup_g04_c02,133
test,ApplyEyeMakeup,v_ApplyEyeMakeup_g04_c03,115
test,ApplyEyeMakeup,v_ApplyEyeMakeup_g04_c04,182
test,ApplyEyeMakeup,v_ApplyEyeMakeup_g04_c05,107
test,ApplyEyeMakeup,v_ApplyEyeMakeup_g04_c06,249
test,ApplyEyeMakeup,v_ApplyEyeMakeup_g04_c07,159
test,ApplyEyeMakeup,v_ApplyEyeMakeup_g05_c01,269
test,ApplyEyeMakeup,v_ApplyEyeMakeup_g05_c02,265
test,ApplyEyeMakeup,v_ApplyEyeMakeup_g05_c03,159
test,ApplyEyeMakeup,v_ApplyEyeMakeup_g05_c04,187
test,ApplyEyeMakeup,v_ApplyEyeMakeup_g05_c05,228
test,ApplyEyeMakeup,v_ApplyEyeMakeup_g05_c06,116
test,ApplyEyeMakeup,v_ApplyEyeMakeup_g05_c07,236
test,ApplyEyeMakeup,v_ApplyEyeMakeup_g06_c01,140
test,ApplyEyeMakeup,v_ApplyEyeMakeup_g06_c02,140
test,ApplyEyeMakeup,v_ApplyEyeMakeup_g06_c03,246
test,ApplyEyeMakeup,v_ApplyEyeMakeup_g06_c04,101
test,ApplyEyeMakeup,v_ApplyEyeMakeup_g06_c05,282
test,ApplyEyeMakeup,v_ApplyEyeMakeup_g06_c06,147
test,ApplyEyeMakeup,v_ApplyEyeMakeup_g06_c07,168
test,ApplyEyeMakeup,v_ApplyEyeMakeup_g07_c01,159
test,ApplyEyeMakeup,v_ApplyEyeMakeup_g07_c02,169
test,ApplyEyeMakeup,v_ApplyEyeMakeup_g07_c03,134
test,ApplyEyeMakeup,v_ApplyEyeMakeup_g07_c04,143
test,ApplyEyeMakeup,v_ApplyEyeMakeup_g07_c05,99
test,ApplyEyeMakeup,v_ApplyEyeMakeup_g07_c06,163
test,ApplyEyeMakeup,v_ApplyEyeMakeup_g07_c07,115
test,ApplyLipstick,v_ApplyLipstick_g01_c01,149
test,ApplyLipstick,v_ApplyLipstick_g01_c02,161
test,ApplyLipstick,v_ApplyLipstick_g01_c03,310
test,ApplyLipstick,v_ApplyLipstick_g01_c04,370
test,ApplyLipstick,v_ApplyLipstick_g01_c05,214
test,ApplyLipstick,v_ApplyLipstick_g02_c01,128
test,ApplyLipstick,v_ApplyLipstick_g02_c02,119
test,ApplyLipstick,v_ApplyLipstick_g02_c03,99
test,ApplyLipstick,v_ApplyLipstick_g02_c04,186
test,ApplyLipstick,v_ApplyLipstick_g03_c01,181
test,ApplyLipstick,v_ApplyLipstick_g03_c02,109
test,ApplyLipstick,v_ApplyLipstick_g03_c03,155
test,ApplyLipstick,v_ApplyLipstick_g03_c04,143
test,ApplyLipstick,v_ApplyLipstick_g04_c01,99
test,ApplyLipstick,v_ApplyLipstick_g04_c02,145
test,ApplyLipstick,v_ApplyLipstick_g04_c03,151
test,ApplyLipstick,v_ApplyLipstick_g04_c04,259
test,ApplyLipstick,v_ApplyLipstick_g04_c05,170
test,ApplyLipstick,v_ApplyLipstick_g05_c01,178
test,ApplyLipstick,v_ApplyLipstick_g05_c02,155
test,ApplyLipstick,v_ApplyLipstick_g05_c03,114
test,ApplyLipstick,v_ApplyLipstick_g05_c04,121
test,ApplyLipstick,v_ApplyLipstick_g05_c05,157
test,ApplyLipstick,v_ApplyLipstick_g06_c01,461
test,ApplyLipstick,v_ApplyLipstick_g06_c02,250
test,ApplyLipstick,v_ApplyLipstick_g06_c03,154
test,ApplyLipstick,v_ApplyLipstick_g06_c04,524
test,ApplyLipstick,v_ApplyLipstick_g06_c05,322
test,ApplyLipstick,v_ApplyLipstick_g07_c01,271
test,ApplyLipstick,v_ApplyLipstick_g07_c02,126
test,ApplyLipstick,v_ApplyLipstick_g07_c03,227
test,ApplyLipstick,v_ApplyLipstick_g07_c04,164
test,Archery,v_Archery_g01_c01,131
test,Archery,v_Archery_g01_c02,142
test,Archery,v_Archery_g01_c03,158
test,Archery,v_Archery_g01_c04,125
test,Archery,v_Archery_g01_c05,135
test,Archery,v_Archery_g01_c06,108
test,Archery,v_Archery_g01_c07,143
test,Archery,v_Archery_g02_c01,158
test,Archery,v_Archery_g02_c02,160
test,Archery,v_Archery_g02_c03,138
test,Archery,v_Archery_g02_c04,109
test,Archery,v_Archery_g02_c05,127
test,Archery,v_Archery_g02_c06,113
test,Archery,v_Archery_g02_c07,166
test,Archery,v_Archery_g03_c01,151
test,Archery,v_Archery_g03_c02,177
test,Archery,v_Archery_g03_c03,126
test,Archery,v_Archery_g03_c04,139
test,Archery,v_Archery_g03_c05,125
test,Archery,v_Archery_g04_c01,165
test,Archery,v_Archery_g04_c02,173
test,Archery,v_Archery_g04_c03,140
test,Archery,v_Archery_g04_c04,135
test,Archery,v_Archery_g04_c05,149
test,Archery,v_Archery_g05_c01,456
test,Archery,v_Archery_g05_c02,558
test,Archery,v_Archery_g05_c03,489
test,Archery,v_Archery_g05_c04,52
test,Archery,v_Archery_g05_c05,197
test,Archery,v_Archery_g06_c01,81
test,Archery,v_Archery_g06_c02,116
test,Archery,v_Archery_g06_c03,87
test,Archery,v_Archery_g06_c04,104
test,Archery,v_Archery_g06_c05,130
test,Archery,v_Archery_g06_c06,132
test,Archery,v_Archery_g07_c01,92
test,Archery,v_Archery_g07_c02,73
test,Archery,v_Archery_g07_c03,52
test,Archery,v_Archery_g07_c04,52
test,Archery,v_Archery_g07_c05,65
test,Archery,v_Archery_g07_c06,68
test,BabyCrawling,v_BabyCrawling_g01_c01,165
test,BabyCrawling,v_BabyCrawling_g01_c02,165
test,BabyCrawling,v_BabyCrawling_g01_c03,156
test,BabyCrawling,v_BabyCrawling_g01_c04,219
test,BabyCrawling,v_BabyCrawling_g02_c01,110
test,BabyCrawling,v_BabyCrawling_g02_c02,113
test,BabyCrawling,v_BabyCrawling_g02_c03,118
test,BabyCrawling,v_BabyCrawling_g02_c04,106
test,BabyCrawling,v_BabyCrawling_g02_c05,85
test,BabyCrawling,v_BabyCrawling_g02_c06,191
test,BabyCrawling,v_BabyCrawling_g03_c01,215
test,BabyCrawling,v_BabyCrawling_g03_c02,181
test,BabyCrawling,v_BabyCrawling_g03_c03,198
test,BabyCrawling,v_BabyCrawling_g03_c04,207
test,BabyCrawling,v_BabyCrawling_g04_c01,128
test,BabyCrawling,v_BabyCrawling_g04_c02,179
test,BabyCrawling,v_BabyCrawling_g04_c03,160
test,BabyCrawling,v_BabyCrawling_g04_c04,205
test,BabyCrawling,v_BabyCrawling_g05_c01,221
test,BabyCrawling,v_BabyCrawling_g05_c02,197
test,BabyCrawling,v_BabyCrawling_g05_c03,271
test,BabyCrawling,v_BabyCrawling_g05_c04,230
test,BabyCrawling,v_BabyCrawling_g05_c05,159
test,BabyCrawling,v_BabyCrawling_g06_c01,199
test,BabyCrawling,v_BabyCrawling_g06_c02,168
test,BabyCrawling,v_BabyCrawling_g06_c03,202
test,BabyCrawling,v_BabyCrawling_g06_c04,114
test,BabyCrawling,v_BabyCrawling_g06_c05,259
test,BabyCrawling,v_BabyCrawling_g06_c06,330
test,BabyCrawling,v_BabyCrawling_g07_c01,204
test,BabyCrawling,v_BabyCrawling_g07_c02,146
test,BabyCrawling,v_BabyCrawling_g07_c03,172
test,BabyCrawling,v_BabyCrawling_g07_c04,216
test,BabyCrawling,v_BabyCrawling_g07_c05,142
test,BabyCrawling,v_BabyCrawling_g07_c06,211
